year,Sentiment_Score
2020,0.09084977236281475
2021,0.0509057572368823
2022,0.03799999357797486
2023,0.06821282597502748
2024,0.045224662682270544
